Run,Assay Type,AvgSpotLen,Bases,BioProject,BioSample,BioSampleModel,Bytes,Center Name,Collection_Date,collection_method,Consent,DATASTORE filetype,DATASTORE provider,DATASTORE region,env_broad_scale,env_local_scale,env_medium,Experiment,geo_loc_name_country,geo_loc_name_country_continent,geo_loc_name,Host,Instrument,lat_lon,Library Name,LibraryLayout,LibrarySelection,LibrarySource,Organism,Platform,ReleaseDate,create_date,version,Sample Name,source_material_id,SRA Study
SRR35320041,AMPLICON,600,42870559,PRJNA1321953,SAMN51231085,"MIMS.me,MIGS/MIMS/MIMARKS.human-gut",27501260,JOHNS HOPKINS,2020/2022,rectal swab,public,"fastq,run.zq,sra","gs,ncbi,s3","gs.us-east1,ncbi.public,s3.us-east-1",human gut metagenome,rectum,rectalal mucosa & stool,SRX30421935,USA,North America,"USA: Baltimore\, MD",Homo sapiens,Illumina MiSeq,39.2905 N 76.6104 W,AMP_324-0065,PAIRED,PCR,METAGENOMIC,human gut metagenome,ILLUMINA,2025-09-10T00:00:00Z,2025-09-10T09:57:00Z,1,324-0065,324-0065_non attempters 2,SRP618695
SRR35320051,AMPLICON,601,52869386,PRJNA1321953,SAMN51231084,"MIMS.me,MIGS/MIMS/MIMARKS.human-gut",33837100,JOHNS HOPKINS,2020/2022,rectal swab,public,"fastq,run.zq,sra","gs,ncbi,s3","gs.us-east1,ncbi.public,s3.us-east-1",human gut metagenome,rectum,rectalal mucosa & stool,SRX30421925,USA,North America,"USA: Baltimore\, MD",Homo sapiens,Illumina MiSeq,39.2905 N 76.6104 W,AMP_324-0059,PAIRED,PCR,METAGENOMIC,human gut metagenome,ILLUMINA,2025-09-10T00:00:00Z,2025-09-10T09:58:00Z,1,324-0059,324-0059_attempters 7,SRP618695
SRR35320062,AMPLICON,601,48220175,PRJNA1321953,SAMN51231083,"MIMS.me,MIGS/MIMS/MIMARKS.human-gut",30319981,JOHNS HOPKINS,2020/2022,rectal swab,public,"fastq,run.zq,sra","gs,ncbi,s3","gs.us-east1,ncbi.public,s3.us-east-1",human gut metagenome,rectum,rectalal mucosa & stool,SRX30421914,USA,North America,"USA: Baltimore\, MD",Homo sapiens,Illumina MiSeq,39.2905 N 76.6104 W,AMP_324-0054,PAIRED,PCR,METAGENOMIC,human gut metagenome,ILLUMINA,2025-09-10T00:00:00Z,2025-09-10T09:58:00Z,1,324-0054,324-0054_attempters 6,SRP618695
SRR35320071,AMPLICON,600,41476966,PRJNA1321953,SAMN51231082,"MIMS.me,MIGS/MIMS/MIMARKS.human-gut",26186708,JOHNS HOPKINS,2020/2022,rectal swab,public,"fastq,run.zq,sra","gs,ncbi,s3","gs.us-east1,ncbi.public,s3.us-east-1",human gut metagenome,rectum,rectalal mucosa & stool,SRX30421905,USA,North America,"USA: Baltimore\, MD",Homo sapiens,Illumina MiSeq,39.2905 N 76.6104 W,AMP_324-0049,PAIRED,PCR,METAGENOMIC,human gut metagenome,ILLUMINA,2025-09-10T00:00:00Z,2025-09-10T09:58:00Z,1,324-0049,324-0049_attempters 5,SRP618695
SRR35320072,AMPLICON,600,27932952,PRJNA1321953,SAMN51231126,"MIMS.me,MIGS/MIMS/MIMARKS.human-gut",17133688,JOHNS HOPKINS,2020/2022,rectal swab,public,"fastq,run.zq,sra","gs,ncbi,s3","gs.us-east1,ncbi.public,s3.us-east-1",human gut metagenome,rectum,rectalal mucosa & stool,SRX30421904,USA,North America,"USA: Baltimore\, MD",Homo sapiens,Illumina MiSeq,39.2905 N 76.6104 W,AMP_324-0208,PAIRED,PCR,METAGENOMIC,human gut metagenome,ILLUMINA,2025-09-10T00:00:00Z,2025-09-10T09:58:00Z,1,324-0208,324-0208_attempters 35,SRP618695
SRR35320073,AMPLICON,600,27458118,PRJNA1321953,SAMN51231125,"MIMS.me,MIGS/MIMS/MIMARKS.human-gut",16680476,JOHNS HOPKINS,2020/2022,rectal swab,public,"fastq,run.zq,sra","gs,ncbi,s3","gs.us-east1,ncbi.public,s3.us-east-1",human gut metagenome,rectum,rectalal mucosa & stool,SRX30421903,USA,North America,"USA: Baltimore\, MD",Homo sapiens,Illumina MiSeq,39.2905 N 76.6104 W,AMP_324-0207,PAIRED,PCR,METAGENOMIC,human gut metagenome,ILLUMINA,2025-09-10T00:00:00Z,2025-09-10T09:57:00Z,1,324-0207,324-0207_non attempters 15,SRP618695
SRR35320074,AMPLICON,600,30216971,PRJNA1321953,SAMN51231124,"MIMS.me,MIGS/MIMS/MIMARKS.human-gut",18501507,JOHNS HOPKINS,2020/2022,rectal swab,public,"fastq,run.zq,sra","gs,ncbi,s3","gs.us-east1,ncbi.public,s3.us-east-1",human gut metagenome,rectum,rectalal mucosa & stool,SRX30421902,USA,North America,"USA: Baltimore\, MD",Homo sapiens,Illumina MiSeq,39.2905 N 76.6104 W,AMP_324-0201,PAIRED,PCR,METAGENOMIC,human gut metagenome,ILLUMINA,2025-09-10T00:00:00Z,2025-09-10T09:57:00Z,1,324-0201,324-0201 _attempters 34,SRP618695
SRR35320075,AMPLICON,601,21387436,PRJNA1321953,SAMN51231123,"MIMS.me,MIGS/MIMS/MIMARKS.human-gut",13196458,JOHNS HOPKINS,2020/2022,rectal swab,public,"fastq,run.zq,sra","gs,ncbi,s3","gs.us-east1,ncbi.public,s3.us-east-1",human gut metagenome,rectum,rectalal mucosa & stool,SRX30421901,USA,North America,"USA: Baltimore\, MD",Homo sapiens,Illumina MiSeq,39.2905 N 76.6104 W,AMP_324-0197,PAIRED,PCR,METAGENOMIC,human gut metagenome,ILLUMINA,2025-09-10T00:00:00Z,2025-09-10T09:57:00Z,1,324-0197,324-0197_non attempters 14,SRP618695
SRR35320076,AMPLICON,600,26428722,PRJNA1321953,SAMN51231122,"MIMS.me,MIGS/MIMS/MIMARKS.human-gut",16153357,JOHNS HOPKINS,2020/2022,rectal swab,public,"fastq,run.zq,sra","gs,ncbi,s3","gs.us-east1,ncbi.public,s3.us-east-1",human gut metagenome,rectum,rectalal mucosa & stool,SRX30421900,USA,North America,"USA: Baltimore\, MD",Homo sapiens,Illumina MiSeq,39.2905 N 76.6104 W,AMP_324-0196,PAIRED,PCR,METAGENOMIC,human gut metagenome,ILLUMINA,2025-09-10T00:00:00Z,2025-09-10T09:58:00Z,1,324-0196,324-0196_attempters 33,SRP618695
SRR35320077,AMPLICON,600,27191972,PRJNA1321953,SAMN51231121,"MIMS.me,MIGS/MIMS/MIMARKS.human-gut",16641297,JOHNS HOPKINS,2020/2022,rectal swab,public,"fastq,run.zq,sra","gs,ncbi,s3","gs.us-east1,ncbi.public,s3.us-east-1",human gut metagenome,rectum,rectalal mucosa & stool,SRX30421899,USA,North America,"USA: Baltimore\, MD",Homo sapiens,Illumina MiSeq,39.2905 N 76.6104 W,AMP_324-0193,PAIRED,PCR,METAGENOMIC,human gut metagenome,ILLUMINA,2025-09-10T00:00:00Z,2025-09-10T09:58:00Z,1,324-0193,324-0193_attempters 32,SRP618695
SRR35320078,AMPLICON,600,21232475,PRJNA1321953,SAMN51231120,"MIMS.me,MIGS/MIMS/MIMARKS.human-gut",13057385,JOHNS HOPKINS,2020/2022,rectal swab,public,"fastq,run.zq,sra","gs,ncbi,s3","gs.us-east1,ncbi.public,s3.us-east-1",human gut metagenome,rectum,rectalal mucosa & stool,SRX30421898,USA,North America,"USA: Baltimore\, MD",Homo sapiens,Illumina MiSeq,39.2905 N 76.6104 W,AMP_324-0191,PAIRED,PCR,METAGENOMIC,human gut metagenome,ILLUMINA,2025-09-10T00:00:00Z,2025-09-10T09:58:00Z,1,324-0191,324-0191_attempters 31,SRP618695
SRR35320079,AMPLICON,600,27582655,PRJNA1321953,SAMN51231119,"MIMS.me,MIGS/MIMS/MIMARKS.human-gut",16885180,JOHNS HOPKINS,2020/2022,rectal swab,public,"fastq,run.zq,sra","gs,ncbi,s3","gs.us-east1,ncbi.public,s3.us-east-1",human gut metagenome,rectum,rectalal mucosa & stool,SRX30421897,USA,North America,"USA: Baltimore\, MD",Homo sapiens,Illumina MiSeq,39.2905 N 76.6104 W,AMP_324-0189,PAIRED,PCR,METAGENOMIC,human gut metagenome,ILLUMINA,2025-09-10T00:00:00Z,2025-09-10T09:58:00Z,1,324-0189,324-0189_attempters 30,SRP618695
SRR35320080,AMPLICON,600,31526496,PRJNA1321953,SAMN51231106,"MIMS.me,MIGS/MIMS/MIMARKS.human-gut",20222807,JOHNS HOPKINS,2020/2022,rectal swab,public,"fastq,run.zq,sra","gs,ncbi,s3","gs.us-east1,ncbi.public,s3.us-east-1",human gut metagenome,rectum,rectalal mucosa & stool,SRX30421896,USA,North America,"USA: Baltimore\, MD",Homo sapiens,Illumina MiSeq,39.2905 N 76.6104 W,AMP_324-0131,PAIRED,PCR,METAGENOMIC,human gut metagenome,ILLUMINA,2025-09-10T00:00:00Z,2025-09-10T09:58:00Z,1,324-0131,324-0131_attempters 23,SRP618695
SRR35320081,AMPLICON,600,20725706,PRJNA1321953,SAMN51231118,"MIMS.me,MIGS/MIMS/MIMARKS.human-gut",13053716,JOHNS HOPKINS,2020/2022,rectal swab,public,"fastq,run.zq,sra","gs,ncbi,s3","gs.us-east1,ncbi.public,s3.us-east-1",human gut metagenome,rectum,rectalal mucosa & stool,SRX30421895,USA,North America,"USA: Baltimore\, MD",Homo sapiens,Illumina MiSeq,39.2905 N 76.6104 W,AMP_324-0187,PAIRED,PCR,METAGENOMIC,human gut metagenome,ILLUMINA,2025-09-10T00:00:00Z,2025-09-10T09:58:00Z,1,324-0187,324-0187_non attempters 13,SRP618695
SRR35320082,AMPLICON,600,23856070,PRJNA1321953,SAMN51231117,"MIMS.me,MIGS/MIMS/MIMARKS.human-gut",14475856,JOHNS HOPKINS,2020/2022,rectal swab,public,"fastq,run.zq,sra","gs,ncbi,s3","gs.us-east1,ncbi.public,s3.us-east-1",human gut metagenome,rectum,rectalal mucosa & stool,SRX30421894,USA,North America,"USA: Baltimore\, MD",Homo sapiens,Illumina MiSeq,39.2905 N 76.6104 W,AMP_324-0178,PAIRED,PCR,METAGENOMIC,human gut metagenome,ILLUMINA,2025-09-10T00:00:00Z,2025-09-10T09:57:00Z,1,324-0178,324-0178_non attempters 12,SRP618695
SRR35320084,AMPLICON,600,31436524,PRJNA1321953,SAMN51231109,"MIMS.me,MIGS/MIMS/MIMARKS.human-gut",19279261,JOHNS HOPKINS,2020/2022,rectal swab,public,"fastq,run.zq,sra","gs,ncbi,s3","gs.us-east1,ncbi.public,s3.us-east-1",human gut metagenome,rectum,rectalal mucosa & stool,SRX30421892,USA,North America,"USA: Baltimore\, MD",Homo sapiens,Illumina MiSeq,39.2905 N 76.6104 W,AMP_324-0145,PAIRED,PCR,METAGENOMIC,human gut metagenome,ILLUMINA,2025-09-10T00:00:00Z,2025-09-10T09:58:00Z,1,324-0145,324-0145_attempters 24,SRP618695
SRR35320085,AMPLICON,600,30019709,PRJNA1321953,SAMN51231110,"MIMS.me,MIGS/MIMS/MIMARKS.human-gut",18148482,JOHNS HOPKINS,2020/2022,rectal swab,public,"fastq,run.zq,sra","gs,ncbi,s3","gs.us-east1,ncbi.public,s3.us-east-1",human gut metagenome,rectum,rectalal mucosa & stool,SRX30421891,USA,North America,"USA: Baltimore\, MD",Homo sapiens,Illumina MiSeq,39.2905 N 76.6104 W,AMP_324-0146,PAIRED,PCR,METAGENOMIC,human gut metagenome,ILLUMINA,2025-09-10T00:00:00Z,2025-09-10T09:58:00Z,1,324-0146,324-0146_attempters 25,SRP618695
SRR35320086,AMPLICON,601,22421035,PRJNA1321953,SAMN51231111,"MIMS.me,MIGS/MIMS/MIMARKS.human-gut",13772851,JOHNS HOPKINS,2020/2022,rectal swab,public,"fastq,run.zq,sra","gs,ncbi,s3","gs.us-east1,ncbi.public,s3.us-east-1",human gut metagenome,rectum,rectalal mucosa & stool,SRX30421890,USA,North America,"USA: Baltimore\, MD",Homo sapiens,Illumina MiSeq,39.2905 N 76.6104 W,AMP_324-0147,PAIRED,PCR,METAGENOMIC,human gut metagenome,ILLUMINA,2025-09-10T00:00:00Z,2025-09-10T09:58:00Z,1,324-0147,324-0147_non attempters 10,SRP618695
SRR35320087,AMPLICON,600,29898013,PRJNA1321953,SAMN51231112,"MIMS.me,MIGS/MIMS/MIMARKS.human-gut",18044259,JOHNS HOPKINS,2020/2022,rectal swab,public,"fastq,run.zq,sra","gs,ncbi,s3","gs.us-east1,ncbi.public,s3.us-east-1",human gut metagenome,rectum,rectalal mucosa & stool,SRX30421889,USA,North America,"USA: Baltimore\, MD",Homo sapiens,Illumina MiSeq,39.2905 N 76.6104 W,AMP_324-0152,PAIRED,PCR,METAGENOMIC,human gut metagenome,ILLUMINA,2025-09-10T00:00:00Z,2025-09-10T09:58:00Z,1,324-0152,324-0152_attempters 26,SRP618695
SRR35320088,AMPLICON,598,24587995,PRJNA1321953,SAMN51231113,"MIMS.me,MIGS/MIMS/MIMARKS.human-gut",14830443,JOHNS HOPKINS,2020/2022,rectal swab,public,"fastq,run.zq,sra","gs,ncbi,s3","gs.us-east1,ncbi.public,s3.us-east-1",human gut metagenome,rectum,rectalal mucosa & stool,SRX30421888,USA,North America,"USA: Baltimore\, MD",Homo sapiens,Illumina MiSeq,39.2905 N 76.6104 W,AMP_324-0158,PAIRED,PCR,METAGENOMIC,human gut metagenome,ILLUMINA,2025-09-10T00:00:00Z,2025-09-10T09:58:00Z,1,324-0158,324-0158_attempters 27,SRP618695
SRR35320089,AMPLICON,600,28691764,PRJNA1321953,SAMN51231114,"MIMS.me,MIGS/MIMS/MIMARKS.human-gut",17517390,JOHNS HOPKINS,2020/2022,rectal swab,public,"fastq,run.zq,sra","gs,ncbi,s3","gs.us-east1,ncbi.public,s3.us-east-1",human gut metagenome,rectum,rectalal mucosa & stool,SRX30421887,USA,North America,"USA: Baltimore\, MD",Homo sapiens,Illumina MiSeq,39.2905 N 76.6104 W,AMP_324-0165,PAIRED,PCR,METAGENOMIC,human gut metagenome,ILLUMINA,2025-09-10T00:00:00Z,2025-09-10T09:57:00Z,1,324-0165,324-0165_attempters 28,SRP618695
SRR35320090,AMPLICON,601,27029497,PRJNA1321953,SAMN51231115,"MIMS.me,MIGS/MIMS/MIMARKS.human-gut",16443862,JOHNS HOPKINS,2020/2022,rectal swab,public,"fastq,run.zq,sra","gs,ncbi,s3","gs.us-east1,ncbi.public,s3.us-east-1",human gut metagenome,rectum,rectalal mucosa & stool,SRX30421886,USA,North America,"USA: Baltimore\, MD",Homo sapiens,Illumina MiSeq,39.2905 N 76.6104 W,AMP_324-0167,PAIRED,PCR,METAGENOMIC,human gut metagenome,ILLUMINA,2025-09-10T00:00:00Z,2025-09-10T09:58:00Z,1,324-0167,324-0167_non attempters 11,SRP618695
SRR35320091,AMPLICON,600,31827759,PRJNA1321953,SAMN51231116,"MIMS.me,MIGS/MIMS/MIMARKS.human-gut",19568764,JOHNS HOPKINS,2020/2022,rectal swab,public,"fastq,run.zq,sra","gs,ncbi,s3","gs.us-east1,ncbi.public,s3.us-east-1",human gut metagenome,rectum,rectalal mucosa & stool,SRX30421885,USA,North America,"USA: Baltimore\, MD",Homo sapiens,Illumina MiSeq,39.2905 N 76.6104 W,AMP_324-0168,PAIRED,PCR,METAGENOMIC,human gut metagenome,ILLUMINA,2025-09-10T00:00:00Z,2025-09-10T09:58:00Z,1,324-0168,324-0168_attempters 29,SRP618695
SRR35320092,AMPLICON,601,43719025,PRJNA1321953,SAMN51231081,"MIMS.me,MIGS/MIMS/MIMARKS.human-gut",27426176,JOHNS HOPKINS,2020/2022,rectal swab,public,"fastq,run.zq,sra","gs,ncbi,s3","gs.us-east1,ncbi.public,s3.us-east-1",human gut metagenome,rectum,rectalal mucosa & stool,SRX30421884,USA,North America,"USA: Baltimore\, MD",Homo sapiens,Illumina MiSeq,39.2905 N 76.6104 W,AMP_324-0047,PAIRED,PCR,METAGENOMIC,human gut metagenome,ILLUMINA,2025-09-10T00:00:00Z,2025-09-10T09:58:00Z,1,324-0047,324-0047_attempters 4,SRP618695
SRR35320093,AMPLICON,600,23536717,PRJNA1321953,SAMN51231095,"MIMS.me,MIGS/MIMS/MIMARKS.human-gut",15013545,JOHNS HOPKINS,2020/2022,rectal swab,public,"fastq,run.zq,sra","gs,ncbi,s3","gs.us-east1,ncbi.public,s3.us-east-1",human gut metagenome,rectum,rectalal mucosa & stool,SRX30421883,USA,North America,"USA: Baltimore\, MD",Homo sapiens,Illumina MiSeq,39.2905 N 76.6104 W,AMP_324-0093,PAIRED,PCR,METAGENOMIC,human gut metagenome,ILLUMINA,2025-09-10T00:00:00Z,2025-09-10T09:57:00Z,1,324-0093,324-0093_attempters 16,SRP618695
SRR35320094,AMPLICON,601,27966184,PRJNA1321953,SAMN51231096,"MIMS.me,MIGS/MIMS/MIMARKS.human-gut",17869367,JOHNS HOPKINS,2020/2022,rectal swab,public,"fastq,run.zq,sra","gs,ncbi,s3","gs.us-east1,ncbi.public,s3.us-east-1",human gut metagenome,rectum,rectalal mucosa & stool,SRX30421882,USA,North America,"USA: Baltimore\, MD",Homo sapiens,Illumina MiSeq,39.2905 N 76.6104 W,AMP_324-0094,PAIRED,PCR,METAGENOMIC,human gut metagenome,ILLUMINA,2025-09-10T00:00:00Z,2025-09-10T09:58:00Z,1,324-0094,324-0094_attempters17,SRP618695
SRR35320095,AMPLICON,600,37675072,PRJNA1321953,SAMN51231079,"MIMS.me,MIGS/MIMS/MIMARKS.human-gut",24115492,JOHNS HOPKINS,2020/2022,rectal swab,public,"fastq,run.zq,sra","gs,ncbi,s3","gs.us-east1,ncbi.public,s3.us-east-1",human gut metagenome,rectum,rectalal mucosa & stool,SRX30421881,USA,North America,"USA: Baltimore\, MD",Homo sapiens,Illumina MiSeq,39.2905 N 76.6104 W,AMP_324-0042,PAIRED,PCR,METAGENOMIC,human gut metagenome,ILLUMINA,2025-09-10T00:00:00Z,2025-09-10T09:58:00Z,1,324-0042,324-0042_attempters 2,SRP618695
SRR35320100,AMPLICON,600,53610235,PRJNA1321953,SAMN51231086,"MIMS.me,MIGS/MIMS/MIMARKS.human-gut",34104427,JOHNS HOPKINS,2020/2022,rectal swab,public,"fastq,run.zq,sra","gs,ncbi,s3","gs.us-east1,ncbi.public,s3.us-east-1",human gut metagenome,rectum,rectalal mucosa & stool,SRX30421876,USA,North America,"USA: Baltimore\, MD",Homo sapiens,Illumina MiSeq,39.2905 N 76.6104 W,AMP_324-0066,PAIRED,PCR,METAGENOMIC,human gut metagenome,ILLUMINA,2025-09-10T00:00:00Z,2025-09-10T09:58:00Z,1,324-0066,324-0066_attempters 8,SRP618695
SRR35320110,AMPLICON,600,25163718,PRJNA1321953,SAMN51231097,"MIMS.me,MIGS/MIMS/MIMARKS.human-gut",16173279,JOHNS HOPKINS,2020/2022,rectal swab,public,"fastq,run.zq,sra","gs,ncbi,s3","gs.us-east1,ncbi.public,s3.us-east-1",human gut metagenome,rectum,rectalal mucosa & stool,SRX30421866,USA,North America,"USA: Baltimore\, MD",Homo sapiens,Illumina MiSeq,39.2905 N 76.6104 W,AMP_324-0097,PAIRED,PCR,METAGENOMIC,human gut metagenome,ILLUMINA,2025-09-10T00:00:00Z,2025-09-10T09:58:00Z,1,324-0097,324-0097_attempters 18,SRP618695
SRR35320111,AMPLICON,600,36565624,PRJNA1321953,SAMN51231098,"MIMS.me,MIGS/MIMS/MIMARKS.human-gut",23718823,JOHNS HOPKINS,2020/2022,rectal swab,public,"fastq,run.zq,sra","gs,ncbi,s3","gs.us-east1,ncbi.public,s3.us-east-1",human gut metagenome,rectum,rectalal mucosa & stool,SRX30421865,USA,North America,"USA: Baltimore\, MD",Homo sapiens,Illumina MiSeq,39.2905 N 76.6104 W,AMP_324-0102,PAIRED,PCR,METAGENOMIC,human gut metagenome,ILLUMINA,2025-09-10T00:00:00Z,2025-09-10T09:58:00Z,1,324-0102,324-0102_attempters19,SRP618695
SRR35320112,AMPLICON,600,37500250,PRJNA1321953,SAMN51231099,"MIMS.me,MIGS/MIMS/MIMARKS.human-gut",24200072,JOHNS HOPKINS,2020/2022,rectal swab,public,"fastq,run.zq,sra","gs,ncbi,s3","gs.us-east1,ncbi.public,s3.us-east-1",human gut metagenome,rectum,rectalal mucosa & stool,SRX30421864,USA,North America,"USA: Baltimore\, MD",Homo sapiens,Illumina MiSeq,39.2905 N 76.6104 W,AMP_324-0105,PAIRED,PCR,METAGENOMIC,human gut metagenome,ILLUMINA,2025-09-10T00:00:00Z,2025-09-10T09:58:00Z,1,324-0105,324-0105_non attempters 4,SRP618695
SRR35320113,AMPLICON,600,33211193,PRJNA1321953,SAMN51231100,"MIMS.me,MIGS/MIMS/MIMARKS.human-gut",21285144,JOHNS HOPKINS,2020/2022,rectal swab,public,"fastq,run.zq,sra","gs,ncbi,s3","gs.us-east1,ncbi.public,s3.us-east-1",human gut metagenome,rectum,rectalal mucosa & stool,SRX30421863,USA,North America,"USA: Baltimore\, MD",Homo sapiens,Illumina MiSeq,39.2905 N 76.6104 W,AMP_324-0108,PAIRED,PCR,METAGENOMIC,human gut metagenome,ILLUMINA,2025-09-10T00:00:00Z,2025-09-10T09:58:00Z,1,324-0108,324-0108_non attempters 5,SRP618695
SRR35320114,AMPLICON,600,47077172,PRJNA1321953,SAMN51231101,"MIMS.me,MIGS/MIMS/MIMARKS.human-gut",30120760,JOHNS HOPKINS,2020/2022,rectal swab,public,"fastq,run.zq,sra","gs,ncbi,s3","gs.us-east1,ncbi.public,s3.us-east-1",human gut metagenome,rectum,rectalal mucosa & stool,SRX30421862,USA,North America,"USA: Baltimore\, MD",Homo sapiens,Illumina MiSeq,39.2905 N 76.6104 W,AMP_324-0111,PAIRED,PCR,METAGENOMIC,human gut metagenome,ILLUMINA,2025-09-10T00:00:00Z,2025-09-10T09:58:00Z,1,324-0111,324-0111_attempters 20,SRP618695
SRR35320115,AMPLICON,601,34126997,PRJNA1321953,SAMN51231102,"MIMS.me,MIGS/MIMS/MIMARKS.human-gut",21790069,JOHNS HOPKINS,2020/2022,rectal swab,public,"fastq,run.zq,sra","gs,ncbi,s3","gs.us-east1,ncbi.public,s3.us-east-1",human gut metagenome,rectum,rectalal mucosa & stool,SRX30421861,USA,North America,"USA: Baltimore\, MD",Homo sapiens,Illumina MiSeq,39.2905 N 76.6104 W,AMP_324-0116,PAIRED,PCR,METAGENOMIC,human gut metagenome,ILLUMINA,2025-09-10T00:00:00Z,2025-09-10T09:58:00Z,1,324-0116,324-0116_non attempters 6,SRP618695
SRR35320116,AMPLICON,600,34440359,PRJNA1321953,SAMN51231103,"MIMS.me,MIGS/MIMS/MIMARKS.human-gut",22126635,JOHNS HOPKINS,2020/2022,rectal swab,public,"fastq,run.zq,sra","gs,ncbi,s3","gs.us-east1,ncbi.public,s3.us-east-1",human gut metagenome,rectum,rectalal mucosa & stool,SRX30421860,USA,North America,"USA: Baltimore\, MD",Homo sapiens,Illumina MiSeq,39.2905 N 76.6104 W,AMP_324-0118,PAIRED,PCR,METAGENOMIC,human gut metagenome,ILLUMINA,2025-09-10T00:00:00Z,2025-09-10T09:58:00Z,1,324-0118,324-0118_non attempters 7,SRP618695
SRR35320117,AMPLICON,600,33302037,PRJNA1321953,SAMN51231104,"MIMS.me,MIGS/MIMS/MIMARKS.human-gut",21567525,JOHNS HOPKINS,2020/2022,rectal swab,public,"fastq,run.zq,sra","gs,ncbi,s3","gs.us-east1,ncbi.public,s3.us-east-1",human gut metagenome,rectum,rectalal mucosa & stool,SRX30421859,USA,North America,"USA: Baltimore\, MD",Homo sapiens,Illumina MiSeq,39.2905 N 76.6104 W,AMP_324-0120,PAIRED,PCR,METAGENOMIC,human gut metagenome,ILLUMINA,2025-09-10T00:00:00Z,2025-09-10T09:58:00Z,1,324-0120,324-0120_attempters 21,SRP618695
SRR35320118,AMPLICON,601,20473521,PRJNA1321953,SAMN51231105,"MIMS.me,MIGS/MIMS/MIMARKS.human-gut",13141754,JOHNS HOPKINS,2020/2022,rectal swab,public,"fastq,run.zq,sra","gs,ncbi,s3","gs.us-east1,ncbi.public,s3.us-east-1",human gut metagenome,rectum,rectalal mucosa & stool,SRX30421858,USA,North America,"USA: Baltimore\, MD",Homo sapiens,Illumina MiSeq,39.2905 N 76.6104 W,AMP_324-0125,PAIRED,PCR,METAGENOMIC,human gut metagenome,ILLUMINA,2025-09-10T00:00:00Z,2025-09-10T09:58:00Z,1,324-0125,324-0125_attempters 22,SRP618695
SRR35320119,AMPLICON,600,35778012,PRJNA1321953,SAMN51231080,"MIMS.me,MIGS/MIMS/MIMARKS.human-gut",23122775,JOHNS HOPKINS,2020/2022,rectal swab,public,"fastq,run.zq,sra","gs,ncbi,s3","gs.us-east1,ncbi.public,s3.us-east-1",human gut metagenome,rectum,rectalal mucosa & stool,SRX30421857,USA,North America,"USA: Baltimore\, MD",Homo sapiens,Illumina MiSeq,39.2905 N 76.6104 W,AMP_324-0043,PAIRED,PCR,METAGENOMIC,human gut metagenome,ILLUMINA,2025-09-10T00:00:00Z,2025-09-10T09:58:00Z,1,324-0043,324-0043_attempters 3,SRP618695
SRR35320120,AMPLICON,600,36178456,PRJNA1321953,SAMN51231107,"MIMS.me,MIGS/MIMS/MIMARKS.human-gut",23020058,JOHNS HOPKINS,2020/2022,rectal swab,public,"fastq,run.zq,sra","gs,ncbi,s3","gs.us-east1,ncbi.public,s3.us-east-1",human gut metagenome,rectum,rectalal mucosa & stool,SRX30421856,USA,North America,"USA: Baltimore\, MD",Homo sapiens,Illumina MiSeq,39.2905 N 76.6104 W,AMP_324-0134,PAIRED,PCR,METAGENOMIC,human gut metagenome,ILLUMINA,2025-09-10T00:00:00Z,2025-09-10T09:58:00Z,1,324-0134,324-0134_non attempters 8,SRP618695
SRR35320121,AMPLICON,601,22590595,PRJNA1321953,SAMN51231094,"MIMS.me,MIGS/MIMS/MIMARKS.human-gut",14451193,JOHNS HOPKINS,2020/2022,rectal swab,public,"fastq,run.zq,sra","gs,ncbi,s3","gs.us-east1,ncbi.public,s3.us-east-1",human gut metagenome,rectum,rectalal mucosa & stool,SRX30421855,USA,North America,"USA: Baltimore\, MD",Homo sapiens,Illumina MiSeq,39.2905 N 76.6104 W,AMP_324-0089,PAIRED,PCR,METAGENOMIC,human gut metagenome,ILLUMINA,2025-09-10T00:00:00Z,2025-09-10T09:58:00Z,1,324-0089,324-0089 _attempters 15,SRP618695
SRR35320122,AMPLICON,600,24556540,PRJNA1321953,SAMN51231093,"MIMS.me,MIGS/MIMS/MIMARKS.human-gut",15690380,JOHNS HOPKINS,2020/2022,rectal swab,public,"fastq,run.zq,sra","gs,ncbi,s3","gs.us-east1,ncbi.public,s3.us-east-1",human gut metagenome,rectum,rectalal mucosa & stool,SRX30421854,USA,North America,"USA: Baltimore\, MD",Homo sapiens,Illumina MiSeq,39.2905 N 76.6104 W,AMP_324-0088,PAIRED,PCR,METAGENOMIC,human gut metagenome,ILLUMINA,2025-09-10T00:00:00Z,2025-09-10T09:58:00Z,1,324-0088,324-0088_non attempters 3,SRP618695
SRR35320123,AMPLICON,600,23270949,PRJNA1321953,SAMN51231092,"MIMS.me,MIGS/MIMS/MIMARKS.human-gut",14836433,JOHNS HOPKINS,2020/2022,rectal swab,public,"fastq,run.zq,sra","gs,ncbi,s3","gs.us-east1,ncbi.public,s3.us-east-1",human gut metagenome,rectum,rectalal mucosa & stool,SRX30421853,USA,North America,"USA: Baltimore\, MD",Homo sapiens,Illumina MiSeq,39.2905 N 76.6104 W,AMP_324-0086,PAIRED,PCR,METAGENOMIC,human gut metagenome,ILLUMINA,2025-09-10T00:00:00Z,2025-09-10T09:58:00Z,1,324-0086,324-0086_attempters 14,SRP618695
SRR35320124,AMPLICON,600,21165917,PRJNA1321953,SAMN51231091,"MIMS.me,MIGS/MIMS/MIMARKS.human-gut",13615408,JOHNS HOPKINS,2020/2022,rectal swab,public,"fastq,run.zq,sra","gs,ncbi,s3","gs.us-east1,ncbi.public,s3.us-east-1",human gut metagenome,rectum,rectalal mucosa & stool,SRX30421852,USA,North America,"USA: Baltimore\, MD",Homo sapiens,Illumina MiSeq,39.2905 N 76.6104 W,AMP_324-0085,PAIRED,PCR,METAGENOMIC,human gut metagenome,ILLUMINA,2025-09-10T00:00:00Z,2025-09-10T09:58:00Z,1,324-0085,324-0085_attempters 13,SRP618695
SRR35320125,AMPLICON,600,51888856,PRJNA1321953,SAMN51231090,"MIMS.me,MIGS/MIMS/MIMARKS.human-gut",32984113,JOHNS HOPKINS,2020/2022,rectal swab,public,"fastq,run.zq,sra","gs,ncbi,s3","gs.us-east1,ncbi.public,s3.us-east-1",human gut metagenome,rectum,rectalal mucosa & stool,SRX30421851,USA,North America,"USA: Baltimore\, MD",Homo sapiens,Illumina MiSeq,39.2905 N 76.6104 W,AMP_324-0076,PAIRED,PCR,METAGENOMIC,human gut metagenome,ILLUMINA,2025-09-10T00:00:00Z,2025-09-10T09:58:00Z,1,324-0076,324-0076_attempters 12,SRP618695
SRR35320126,AMPLICON,601,46074334,PRJNA1321953,SAMN51231089,"MIMS.me,MIGS/MIMS/MIMARKS.human-gut",29267880,JOHNS HOPKINS,2020/2022,rectal swab,public,"fastq,run.zq,sra","gs,ncbi,s3","gs.us-east1,ncbi.public,s3.us-east-1",human gut metagenome,rectum,rectalal mucosa & stool,SRX30421850,USA,North America,"USA: Baltimore\, MD",Homo sapiens,Illumina MiSeq,39.2905 N 76.6104 W,AMP_324-0074,PAIRED,PCR,METAGENOMIC,human gut metagenome,ILLUMINA,2025-09-10T00:00:00Z,2025-09-10T09:58:00Z,1,324-0074,324-0074_attempters 11,SRP618695
SRR35320128,AMPLICON,599,46115105,PRJNA1321953,SAMN51231088,"MIMS.me,MIGS/MIMS/MIMARKS.human-gut",29241217,JOHNS HOPKINS,2020/2022,rectal swab,public,"fastq,run.zq,sra","gs,ncbi,s3","gs.us-east1,ncbi.public,s3.us-east-1",human gut metagenome,rectum,rectalal mucosa & stool,SRX30421848,USA,North America,"USA: Baltimore\, MD",Homo sapiens,Illumina MiSeq,39.2905 N 76.6104 W,AMP_324-0073,PAIRED,PCR,METAGENOMIC,human gut metagenome,ILLUMINA,2025-09-10T00:00:00Z,2025-09-10T09:58:00Z,1,324-0073,324-0073_attempters 10,SRP618695
SRR35320139,AMPLICON,600,42955872,PRJNA1321953,SAMN51231087,"MIMS.me,MIGS/MIMS/MIMARKS.human-gut",26953031,JOHNS HOPKINS,2020/2022,rectal swab,public,"fastq,run.zq,sra","gs,ncbi,s3","gs.us-east1,ncbi.public,s3.us-east-1",human gut metagenome,rectum,rectalal mucosa & stool,SRX30421837,USA,North America,"USA: Baltimore\, MD",Homo sapiens,Illumina MiSeq,39.2905 N 76.6104 W,AMP_324-0072,PAIRED,PCR,METAGENOMIC,human gut metagenome,ILLUMINA,2025-09-10T00:00:00Z,2025-09-10T09:58:00Z,1,324-0072,324-0072_attempters 9,SRP618695
SRR35320140,AMPLICON,600,46614828,PRJNA1321953,SAMN51231078,"MIMS.me,MIGS/MIMS/MIMARKS.human-gut",29604198,JOHNS HOPKINS,2020/2022,rectal swab,public,"fastq,run.zq,sra","gs,ncbi,s3","gs.us-east1,ncbi.public,s3.us-east-1",human gut metagenome,rectum,rectalal mucosa & stool,SRX30421836,USA,North America,"USA: Baltimore\, MD",Homo sapiens,Illumina MiSeq,39.2905 N 76.6104 W,AMP_324-0017,PAIRED,PCR,METAGENOMIC,human gut metagenome,ILLUMINA,2025-09-10T00:00:00Z,2025-09-10T09:58:00Z,1,324-0017,324-0017_attempters 1,SRP618695
SRR35320141,AMPLICON,600,28226814,PRJNA1321953,SAMN51231077,"MIMS.me,MIGS/MIMS/MIMARKS.human-gut",17870700,JOHNS HOPKINS,2020/2022,rectal swab,public,"fastq,run.zq,sra","gs,ncbi,s3","gs.us-east1,ncbi.public,s3.us-east-1",human gut metagenome,rectum,rectalal mucosa & stool,SRX30421835,USA,North America,"USA: Baltimore\, MD",Homo sapiens,Illumina MiSeq,39.2905 N 76.6104 W,AMP_324-0001,PAIRED,PCR,METAGENOMIC,human gut metagenome,ILLUMINA,2025-09-10T00:00:00Z,2025-09-10T09:58:00Z,1,324-0001,324-0001_non attempters 1,SRP618695
